,town,flood,elevation_m,slope_deg,drainage_density,flood_probability,risk_level,plain_english
1,Mamprobi,1,51.91,2.0713,0.1496,0.9715,High,"Mamprobi has a 97% flood probability — High Risk. The elevation here is 51.9m above sea level, providing some natural drainage advantage. Drainage density is relatively low (0.150 km/km²), so the drain network is not prone to rapid overflow. The terrain is nearly flat (2.1°), giving floodwater nowhere to flow. Residents should keep valuables off the floor, know their nearest evacuation route, and monitor NADMO alerts closely during rainy season."
2,Lashibi,1,51.91,2.0713,0.1499,0.969,High,"Lashibi has a 97% flood probability — High Risk. The elevation here is 51.9m above sea level, providing some natural drainage advantage. Drainage density is relatively low (0.150 km/km²), so the drain network is not prone to rapid overflow. The terrain is nearly flat (2.1°), giving floodwater nowhere to flow. Residents should keep valuables off the floor, know their nearest evacuation route, and monitor NADMO alerts closely during rainy season."
3,Nima Downside,0,51.91,2.0713,0.1514,0.9673,High,"Nima Downside has a 97% flood probability — High Risk. The elevation here is 51.9m above sea level, providing some natural drainage advantage. Drainage density is relatively low (0.151 km/km²), so the drain network is not prone to rapid overflow. The terrain is nearly flat (2.1°), giving floodwater nowhere to flow. Residents should keep valuables off the floor, know their nearest evacuation route, and monitor NADMO alerts closely during rainy season."
4,Abeka,1,51.91,2.0713,0.145,0.9562,High,"Abeka has a 96% flood probability — High Risk. The elevation here is 51.9m above sea level, providing some natural drainage advantage. Drainage density is relatively low (0.145 km/km²), so the drain network is not prone to rapid overflow. The terrain is nearly flat (2.1°), giving floodwater nowhere to flow. Residents should keep valuables off the floor, know their nearest evacuation route, and monitor NADMO alerts closely during rainy season."
5,Teshie,1,51.91,2.0713,0.1561,0.9443,High,"Teshie has a 94% flood probability — High Risk. The elevation here is 51.9m above sea level, providing some natural drainage advantage. Drainage density is relatively low (0.156 km/km²), so the drain network is not prone to rapid overflow. The terrain is nearly flat (2.1°), giving floodwater nowhere to flow. Residents should keep valuables off the floor, know their nearest evacuation route, and monitor NADMO alerts closely during rainy season."
6,Tetegu,1,26.9,1.4049,0.2395,0.9371,High,"Tetegu has a 94% flood probability — High Risk. The elevation here is 26.9m above sea level, providing some natural drainage advantage. Drainage density is relatively low (0.239 km/km²), so the drain network is not prone to rapid overflow. The terrain is nearly flat (1.4°), giving floodwater nowhere to flow. Residents should keep valuables off the floor, know their nearest evacuation route, and monitor NADMO alerts closely during rainy season."
7,Polo Park (Alajo),0,26.9,1.4049,0.2403,0.9358,High,"Polo Park (Alajo) has a 94% flood probability — High Risk. The elevation here is 26.9m above sea level, providing some natural drainage advantage. Drainage density is relatively low (0.240 km/km²), so the drain network is not prone to rapid overflow. The terrain is nearly flat (1.4°), giving floodwater nowhere to flow. Residents should keep valuables off the floor, know their nearest evacuation route, and monitor NADMO alerts closely during rainy season."
8,Teshie Bush Road,1,26.9,1.4049,0.239,0.9279,High,"Teshie Bush Road has a 93% flood probability — High Risk. The elevation here is 26.9m above sea level, providing some natural drainage advantage. Drainage density is relatively low (0.239 km/km²), so the drain network is not prone to rapid overflow. The terrain is nearly flat (1.4°), giving floodwater nowhere to flow. Residents should keep valuables off the floor, know their nearest evacuation route, and monitor NADMO alerts closely during rainy season."
9,SSNIT Flats,1,26.9,1.4049,0.2365,0.9278,High,"SSNIT Flats has a 93% flood probability — High Risk. The elevation here is 26.9m above sea level, providing some natural drainage advantage. Drainage density is relatively low (0.236 km/km²), so the drain network is not prone to rapid overflow. The terrain is nearly flat (1.4°), giving floodwater nowhere to flow. Residents should keep valuables off the floor, know their nearest evacuation route, and monitor NADMO alerts closely during rainy season."
10,Prampram,1,51.91,2.0713,0.1564,0.9276,High,"Prampram has a 93% flood probability — High Risk. The elevation here is 51.9m above sea level, providing some natural drainage advantage. Drainage density is relatively low (0.156 km/km²), so the drain network is not prone to rapid overflow. The terrain is nearly flat (2.1°), giving floodwater nowhere to flow. Residents should keep valuables off the floor, know their nearest evacuation route, and monitor NADMO alerts closely during rainy season."
11,Hajj Village,1,24.57,1.522,0.2364,0.9116,High,"Hajj Village has a 91% flood probability — High Risk. The elevation here is 24.6m above sea level, providing some natural drainage advantage. Drainage density is relatively low (0.236 km/km²), so the drain network is not prone to rapid overflow. The terrain is nearly flat (1.5°), giving floodwater nowhere to flow. Residents should keep valuables off the floor, know their nearest evacuation route, and monitor NADMO alerts closely during rainy season."
12,Avenor,1,51.91,2.0713,0.1404,0.9095,High,"Avenor has a 91% flood probability — High Risk. The elevation here is 51.9m above sea level, providing some natural drainage advantage. Drainage density is relatively low (0.140 km/km²), so the drain network is not prone to rapid overflow. The terrain is nearly flat (2.1°), giving floodwater nowhere to flow. Residents should keep valuables off the floor, know their nearest evacuation route, and monitor NADMO alerts closely during rainy season."
13,North Larbone,1,51.91,2.0713,0.1336,0.9093,High,"North Larbone has a 91% flood probability — High Risk. The elevation here is 51.9m above sea level, providing some natural drainage advantage. Drainage density is relatively low (0.134 km/km²), so the drain network is not prone to rapid overflow. The terrain is nearly flat (2.1°), giving floodwater nowhere to flow. Residents should keep valuables off the floor, know their nearest evacuation route, and monitor NADMO alerts closely during rainy season."
14,Lebanon,1,24.57,1.522,0.242,0.9087,High,"Lebanon has a 91% flood probability — High Risk. The elevation here is 24.6m above sea level, providing some natural drainage advantage. Drainage density is relatively low (0.242 km/km²), so the drain network is not prone to rapid overflow. The terrain is nearly flat (1.5°), giving floodwater nowhere to flow. Residents should keep valuables off the floor, know their nearest evacuation route, and monitor NADMO alerts closely during rainy season."
15,Oblogo,1,24.57,1.522,0.2375,0.8971,High,"Oblogo has a 90% flood probability — High Risk. The elevation here is 24.6m above sea level, providing some natural drainage advantage. Drainage density is relatively low (0.237 km/km²), so the drain network is not prone to rapid overflow. The terrain is nearly flat (1.5°), giving floodwater nowhere to flow. Residents should keep valuables off the floor, know their nearest evacuation route, and monitor NADMO alerts closely during rainy season."
16,KatamansoAshaiman stretch,1,52.8,0.7659,0.1471,0.8837,High,"KatamansoAshaiman stretch has a 88% flood probability — High Risk. The elevation here is 52.8m above sea level, providing some natural drainage advantage. Drainage density is relatively low (0.147 km/km²), so the drain network is not prone to rapid overflow. The terrain is nearly flat (0.8°), giving floodwater nowhere to flow. Residents should keep valuables off the floor, know their nearest evacuation route, and monitor NADMO alerts closely during rainy season."
17,Afienya,1,52.8,0.7659,0.1473,0.8827,High,"Afienya has a 88% flood probability — High Risk. The elevation here is 52.8m above sea level, providing some natural drainage advantage. Drainage density is relatively low (0.147 km/km²), so the drain network is not prone to rapid overflow. The terrain is nearly flat (0.8°), giving floodwater nowhere to flow. Residents should keep valuables off the floor, know their nearest evacuation route, and monitor NADMO alerts closely during rainy season."
18,Nungua,1,22.62,2.9795,0.2428,0.876,High,"Nungua has a 88% flood probability — High Risk. The elevation here is 22.6m above sea level, providing some natural drainage advantage. Drainage density is relatively low (0.243 km/km²), so the drain network is not prone to rapid overflow. The terrain is nearly flat (3.0°), giving floodwater nowhere to flow. Residents should keep valuables off the floor, know their nearest evacuation route, and monitor NADMO alerts closely during rainy season."
19,Darkuman,1,19.41,4.6478,0.2989,0.8736,High,"Darkuman has a 87% flood probability — High Risk. Darkuman sits very close to sea level (19.4m), meaning rainwater has nowhere to drain away. The drainage network is very dense (0.299 km/km²), which means drains can overflow rapidly in heavy rain. The terrain is nearly flat (4.6°), giving floodwater nowhere to flow. Residents should keep valuables off the floor, know their nearest evacuation route, and monitor NADMO alerts closely during rainy season."
20,Ofankor,1,12.74,0.9304,0.3571,0.8617,High,"Ofankor has a 86% flood probability — High Risk. Ofankor sits very close to sea level (12.7m), meaning rainwater has nowhere to drain away. The drainage network is very dense (0.357 km/km²), which means drains can overflow rapidly in heavy rain. The terrain is nearly flat (0.9°), giving floodwater nowhere to flow. Residents should keep valuables off the floor, know their nearest evacuation route, and monitor NADMO alerts closely during rainy season."
21,Sakaman,1,19.41,4.6478,0.3159,0.8574,High,"Sakaman has a 86% flood probability — High Risk. Sakaman sits very close to sea level (19.4m), meaning rainwater has nowhere to drain away. The drainage network is very dense (0.316 km/km²), which means drains can overflow rapidly in heavy rain. The terrain is nearly flat (4.6°), giving floodwater nowhere to flow. Residents should keep valuables off the floor, know their nearest evacuation route, and monitor NADMO alerts closely during rainy season."
22,Dansoman Junction,1,19.41,4.6478,0.3155,0.8574,High,"Dansoman Junction has a 86% flood probability — High Risk. Dansoman Junction sits very close to sea level (19.4m), meaning rainwater has nowhere to drain away. The drainage network is very dense (0.316 km/km²), which means drains can overflow rapidly in heavy rain. The terrain is nearly flat (4.6°), giving floodwater nowhere to flow. Residents should keep valuables off the floor, know their nearest evacuation route, and monitor NADMO alerts closely during rainy season."
23,Sakumono (Community 13),1,19.41,4.6478,0.316,0.8574,High,"Sakumono (Community 13) has a 86% flood probability — High Risk. Sakumono (Community 13) sits very close to sea level (19.4m), meaning rainwater has nowhere to drain away. The drainage network is very dense (0.316 km/km²), which means drains can overflow rapidly in heavy rain. The terrain is nearly flat (4.6°), giving floodwater nowhere to flow. Residents should keep valuables off the floor, know their nearest evacuation route, and monitor NADMO alerts closely during rainy season."
24,Awudome,1,12.74,0.9304,0.3565,0.8538,High,"Awudome has a 85% flood probability — High Risk. Awudome sits very close to sea level (12.7m), meaning rainwater has nowhere to drain away. The drainage network is very dense (0.356 km/km²), which means drains can overflow rapidly in heavy rain. The terrain is nearly flat (0.9°), giving floodwater nowhere to flow. Residents should keep valuables off the floor, know their nearest evacuation route, and monitor NADMO alerts closely during rainy season."
25,Medie,1,19.41,4.6478,0.3105,0.8523,High,"Medie has a 85% flood probability — High Risk. Medie sits very close to sea level (19.4m), meaning rainwater has nowhere to drain away. The drainage network is very dense (0.310 km/km²), which means drains can overflow rapidly in heavy rain. The terrain is nearly flat (4.6°), giving floodwater nowhere to flow. Residents should keep valuables off the floor, know their nearest evacuation route, and monitor NADMO alerts closely during rainy season."
26,Baah Yard,1,19.41,4.6478,0.3188,0.8513,High,"Baah Yard has a 85% flood probability — High Risk. Baah Yard sits very close to sea level (19.4m), meaning rainwater has nowhere to drain away. The drainage network is very dense (0.319 km/km²), which means drains can overflow rapidly in heavy rain. The terrain is nearly flat (4.6°), giving floodwater nowhere to flow. Residents should keep valuables off the floor, know their nearest evacuation route, and monitor NADMO alerts closely during rainy season."
27,Dawhenya,1,12.74,0.9304,0.3585,0.847,High,"Dawhenya has a 85% flood probability — High Risk. Dawhenya sits very close to sea level (12.7m), meaning rainwater has nowhere to drain away. The drainage network is very dense (0.358 km/km²), which means drains can overflow rapidly in heavy rain. The terrain is nearly flat (0.9°), giving floodwater nowhere to flow. Residents should keep valuables off the floor, know their nearest evacuation route, and monitor NADMO alerts closely during rainy season."
28,Mallam Junction,1,19.41,4.6478,0.2896,0.8338,High,"Mallam Junction has a 83% flood probability — High Risk. Mallam Junction sits very close to sea level (19.4m), meaning rainwater has nowhere to drain away. The drainage network is very dense (0.290 km/km²), which means drains can overflow rapidly in heavy rain. The terrain is nearly flat (4.6°), giving floodwater nowhere to flow. Residents should keep valuables off the floor, know their nearest evacuation route, and monitor NADMO alerts closely during rainy season."
29,Atico,1,22.62,2.9795,0.2498,0.8107,High,"Atico has a 81% flood probability — High Risk. The elevation here is 22.6m above sea level, providing some natural drainage advantage. Drainage density is relatively low (0.250 km/km²), so the drain network is not prone to rapid overflow. The terrain is nearly flat (3.0°), giving floodwater nowhere to flow. Residents should keep valuables off the floor, know their nearest evacuation route, and monitor NADMO alerts closely during rainy season."
30,Manet,1,12.74,0.9304,0.3694,0.8075,High,"Manet has a 81% flood probability — High Risk. Manet sits very close to sea level (12.7m), meaning rainwater has nowhere to drain away. The drainage network is very dense (0.369 km/km²), which means drains can overflow rapidly in heavy rain. The terrain is nearly flat (0.9°), giving floodwater nowhere to flow. Residents should keep valuables off the floor, know their nearest evacuation route, and monitor NADMO alerts closely during rainy season."
31,Community 25 (parts) dup,1,109.51,2.8617,0.0436,0.7991,High,"Community 25 (parts) dup has a 80% flood probability — High Risk. The elevation here is 109.5m above sea level, providing some natural drainage advantage. Drainage density is relatively low (0.044 km/km²), so the drain network is not prone to rapid overflow. The terrain is nearly flat (2.9°), giving floodwater nowhere to flow. Residents should keep valuables off the floor, know their nearest evacuation route, and monitor NADMO alerts closely during rainy season."
32,Russia (Dansoman),1,22.62,2.9795,0.2397,0.7982,High,"Russia (Dansoman) has a 80% flood probability — High Risk. The elevation here is 22.6m above sea level, providing some natural drainage advantage. Drainage density is relatively low (0.240 km/km²), so the drain network is not prone to rapid overflow. The terrain is nearly flat (3.0°), giving floodwater nowhere to flow. Residents should keep valuables off the floor, know their nearest evacuation route, and monitor NADMO alerts closely during rainy season."
33,Accra Central Business District,1,12.74,0.9304,0.3646,0.7977,High,"Accra Central Business District has a 80% flood probability — High Risk. Accra Central Business District sits very close to sea level (12.7m), meaning rainwater has nowhere to drain away. The drainage network is very dense (0.365 km/km²), which means drains can overflow rapidly in heavy rain. The terrain is nearly flat (0.9°), giving floodwater nowhere to flow. Residents should keep valuables off the floor, know their nearest evacuation route, and monitor NADMO alerts closely during rainy season."
34,Medie (border),1,109.51,2.8617,0.0395,0.7938,High,"Medie (border) has a 79% flood probability — High Risk. The elevation here is 109.5m above sea level, providing some natural drainage advantage. Drainage density is relatively low (0.040 km/km²), so the drain network is not prone to rapid overflow. The terrain is nearly flat (2.9°), giving floodwater nowhere to flow. Residents should keep valuables off the floor, know their nearest evacuation route, and monitor NADMO alerts closely during rainy season."
35,Dodowa,1,52.8,0.7659,0.1604,0.784,High,"Dodowa has a 78% flood probability — High Risk. The elevation here is 52.8m above sea level, providing some natural drainage advantage. Drainage density is relatively low (0.160 km/km²), so the drain network is not prone to rapid overflow. The terrain is nearly flat (0.8°), giving floodwater nowhere to flow. Residents should keep valuables off the floor, know their nearest evacuation route, and monitor NADMO alerts closely during rainy season."
36,Teshie Nungua Estates,1,26.9,1.4049,0.2585,0.7797,High,"Teshie Nungua Estates has a 78% flood probability — High Risk. The elevation here is 26.9m above sea level, providing some natural drainage advantage. Drainage density is relatively low (0.259 km/km²), so the drain network is not prone to rapid overflow. The terrain is nearly flat (1.4°), giving floodwater nowhere to flow. Residents should keep valuables off the floor, know their nearest evacuation route, and monitor NADMO alerts closely during rainy season."
37,Apenkwa,1,51.91,2.0713,0.1686,0.7707,High,"Apenkwa has a 77% flood probability — High Risk. The elevation here is 51.9m above sea level, providing some natural drainage advantage. Drainage density is relatively low (0.169 km/km²), so the drain network is not prone to rapid overflow. The terrain is nearly flat (2.1°), giving floodwater nowhere to flow. Residents should keep valuables off the floor, know their nearest evacuation route, and monitor NADMO alerts closely during rainy season."
38,Berlin Bridge (Nima),1,51.91,2.0713,0.1669,0.7677,High,"Berlin Bridge (Nima) has a 77% flood probability — High Risk. The elevation here is 51.9m above sea level, providing some natural drainage advantage. Drainage density is relatively low (0.167 km/km²), so the drain network is not prone to rapid overflow. The terrain is nearly flat (2.1°), giving floodwater nowhere to flow. Residents should keep valuables off the floor, know their nearest evacuation route, and monitor NADMO alerts closely during rainy season."
39,Weija,0,12.74,0.9304,0.364,0.7383,High,"Weija has a 74% flood probability — High Risk. Weija sits very close to sea level (12.7m), meaning rainwater has nowhere to drain away. The drainage network is very dense (0.364 km/km²), which means drains can overflow rapidly in heavy rain. The terrain is nearly flat (0.9°), giving floodwater nowhere to flow. Residents should keep valuables off the floor, know their nearest evacuation route, and monitor NADMO alerts closely during rainy season."
40,Taifa,1,19.41,4.6478,0.2804,0.7294,High,"Taifa has a 73% flood probability — High Risk. Taifa sits very close to sea level (19.4m), meaning rainwater has nowhere to drain away. The drainage network is very dense (0.280 km/km²), which means drains can overflow rapidly in heavy rain. The terrain is nearly flat (4.6°), giving floodwater nowhere to flow. Residents should keep valuables off the floor, know their nearest evacuation route, and monitor NADMO alerts closely during rainy season."
41,Graphic Road,0,19.41,4.6478,0.2892,0.7165,High,"Graphic Road has a 72% flood probability — High Risk. Graphic Road sits very close to sea level (19.4m), meaning rainwater has nowhere to drain away. The drainage network is very dense (0.289 km/km²), which means drains can overflow rapidly in heavy rain. The terrain is nearly flat (4.6°), giving floodwater nowhere to flow. Residents should keep valuables off the floor, know their nearest evacuation route, and monitor NADMO alerts closely during rainy season."
42,Dakyibi River catchment,0,51.91,2.0713,0.1592,0.7076,High,"Dakyibi River catchment has a 71% flood probability — High Risk. The elevation here is 51.9m above sea level, providing some natural drainage advantage. Drainage density is relatively low (0.159 km/km²), so the drain network is not prone to rapid overflow. The terrain is nearly flat (2.1°), giving floodwater nowhere to flow. Residents should keep valuables off the floor, know their nearest evacuation route, and monitor NADMO alerts closely during rainy season."
43,Sahara (Dansoman),0,19.41,4.6478,0.2837,0.7075,High,"Sahara (Dansoman) has a 71% flood probability — High Risk. Sahara (Dansoman) sits very close to sea level (19.4m), meaning rainwater has nowhere to drain away. The drainage network is very dense (0.284 km/km²), which means drains can overflow rapidly in heavy rain. The terrain is nearly flat (4.6°), giving floodwater nowhere to flow. Residents should keep valuables off the floor, know their nearest evacuation route, and monitor NADMO alerts closely during rainy season."
44,Mamobi,0,19.41,4.6478,0.2858,0.7067,High,"Mamobi has a 71% flood probability — High Risk. Mamobi sits very close to sea level (19.4m), meaning rainwater has nowhere to drain away. The drainage network is very dense (0.286 km/km²), which means drains can overflow rapidly in heavy rain. The terrain is nearly flat (4.6°), giving floodwater nowhere to flow. Residents should keep valuables off the floor, know their nearest evacuation route, and monitor NADMO alerts closely during rainy season."
45,Hatatso,1,26.9,1.4049,0.2672,0.7037,High,"Hatatso has a 70% flood probability — High Risk. The elevation here is 26.9m above sea level, providing some natural drainage advantage. Drainage density is relatively low (0.267 km/km²), so the drain network is not prone to rapid overflow. The terrain is nearly flat (1.4°), giving floodwater nowhere to flow. Residents should keep valuables off the floor, know their nearest evacuation route, and monitor NADMO alerts closely during rainy season."
46,Adabraka,1,22.62,2.9795,0.2373,0.702,High,"Adabraka has a 70% flood probability — High Risk. The elevation here is 22.6m above sea level, providing some natural drainage advantage. Drainage density is relatively low (0.237 km/km²), so the drain network is not prone to rapid overflow. The terrain is nearly flat (3.0°), giving floodwater nowhere to flow. Residents should keep valuables off the floor, know their nearest evacuation route, and monitor NADMO alerts closely during rainy season."
47,Anyaa,1,45.61,4.0904,0.168,0.6994,High,"Anyaa has a 70% flood probability — High Risk. The elevation here is 45.6m above sea level, providing some natural drainage advantage. Drainage density is relatively low (0.168 km/km²), so the drain network is not prone to rapid overflow. The terrain is nearly flat (4.1°), giving floodwater nowhere to flow. Residents should keep valuables off the floor, know their nearest evacuation route, and monitor NADMO alerts closely during rainy season."
48,Spintex Road corridor,1,45.61,4.0904,0.1334,0.6928,High,"Spintex Road corridor has a 69% flood probability — High Risk. The elevation here is 45.6m above sea level, providing some natural drainage advantage. Drainage density is relatively low (0.133 km/km²), so the drain network is not prone to rapid overflow. The terrain is nearly flat (4.1°), giving floodwater nowhere to flow. Residents should keep valuables off the floor, know their nearest evacuation route, and monitor NADMO alerts closely during rainy season."
49,Amasaman Road area,0,109.51,2.8617,0.0326,0.6759,High,"Amasaman Road area has a 68% flood probability — High Risk. The elevation here is 109.5m above sea level, providing some natural drainage advantage. Drainage density is relatively low (0.033 km/km²), so the drain network is not prone to rapid overflow. The terrain is nearly flat (2.9°), giving floodwater nowhere to flow. Residents should keep valuables off the floor, know their nearest evacuation route, and monitor NADMO alerts closely during rainy season."
50,Ofankor Barrier,1,109.51,2.8617,0.0307,0.6759,High,"Ofankor Barrier has a 68% flood probability — High Risk. The elevation here is 109.5m above sea level, providing some natural drainage advantage. Drainage density is relatively low (0.031 km/km²), so the drain network is not prone to rapid overflow. The terrain is nearly flat (2.9°), giving floodwater nowhere to flow. Residents should keep valuables off the floor, know their nearest evacuation route, and monitor NADMO alerts closely during rainy season."
51,Sege,1,49.09,2.766,0.1436,0.6744,High,"Sege has a 67% flood probability — High Risk. The elevation here is 49.1m above sea level, providing some natural drainage advantage. Drainage density is relatively low (0.144 km/km²), so the drain network is not prone to rapid overflow. The terrain is nearly flat (2.8°), giving floodwater nowhere to flow. Residents should keep valuables off the floor, know their nearest evacuation route, and monitor NADMO alerts closely during rainy season."
52,Mallam,1,80.17,1.8906,0.1163,0.6728,High,"Mallam has a 67% flood probability — High Risk. The elevation here is 80.2m above sea level, providing some natural drainage advantage. Drainage density is relatively low (0.116 km/km²), so the drain network is not prone to rapid overflow. The terrain is nearly flat (1.9°), giving floodwater nowhere to flow. Residents should keep valuables off the floor, know their nearest evacuation route, and monitor NADMO alerts closely during rainy season."
53,Tema Industrial Area (Light & Heavy),1,24.57,1.522,0.2565,0.6721,High,"Tema Industrial Area (Light & Heavy) has a 67% flood probability — High Risk. The elevation here is 24.6m above sea level, providing some natural drainage advantage. Drainage density is relatively low (0.257 km/km²), so the drain network is not prone to rapid overflow. The terrain is nearly flat (1.5°), giving floodwater nowhere to flow. Residents should keep valuables off the floor, know their nearest evacuation route, and monitor NADMO alerts closely during rainy season."
54,SCC / KasoaSCC Highway,1,24.57,1.522,0.2553,0.6719,High,"SCC / KasoaSCC Highway has a 67% flood probability — High Risk. The elevation here is 24.6m above sea level, providing some natural drainage advantage. Drainage density is relatively low (0.255 km/km²), so the drain network is not prone to rapid overflow. The terrain is nearly flat (1.5°), giving floodwater nowhere to flow. Residents should keep valuables off the floor, know their nearest evacuation route, and monitor NADMO alerts closely during rainy season."
55,Kwabenya,0,52.8,0.7659,0.1677,0.6699,Moderate,"Kwabenya has a 67% flood probability — Moderate Risk. The elevation here is 52.8m above sea level, providing some natural drainage advantage. Drainage density is relatively low (0.168 km/km²), so the drain network is not prone to rapid overflow. The terrain is nearly flat (0.8°), giving floodwater nowhere to flow. Residents should stay alert during peak rainy season (May–July and September–November) and ensure household drainage is kept clear."
56,Achimota,1,23.38,1.0273,0.2633,0.6675,Moderate,"Achimota has a 67% flood probability — Moderate Risk. The elevation here is 23.4m above sea level, providing some natural drainage advantage. Drainage density is relatively low (0.263 km/km²), so the drain network is not prone to rapid overflow. The terrain is nearly flat (1.0°), giving floodwater nowhere to flow. Residents should stay alert during peak rainy season (May–July and September–November) and ensure household drainage is kept clear."
57,Kaneshie (First Light),0,22.62,2.9795,0.2375,0.6645,Moderate,"Kaneshie (First Light) has a 66% flood probability — Moderate Risk. The elevation here is 22.6m above sea level, providing some natural drainage advantage. Drainage density is relatively low (0.237 km/km²), so the drain network is not prone to rapid overflow. The terrain is nearly flat (3.0°), giving floodwater nowhere to flow. Residents should stay alert during peak rainy season (May–July and September–November) and ensure household drainage is kept clear."
58,Atomic Roundabout,1,80.17,1.8906,0.1164,0.663,Moderate,"Atomic Roundabout has a 66% flood probability — Moderate Risk. The elevation here is 80.2m above sea level, providing some natural drainage advantage. Drainage density is relatively low (0.116 km/km²), so the drain network is not prone to rapid overflow. The terrain is nearly flat (1.9°), giving floodwater nowhere to flow. Residents should stay alert during peak rainy season (May–July and September–November) and ensure household drainage is kept clear."
59,Bel Aqua,1,21.13,1.1746,0.2539,0.6613,Moderate,"Bel Aqua has a 66% flood probability — Moderate Risk. The elevation here is 21.1m above sea level, providing some natural drainage advantage. Drainage density is relatively low (0.254 km/km²), so the drain network is not prone to rapid overflow. The terrain is nearly flat (1.2°), giving floodwater nowhere to flow. Residents should stay alert during peak rainy season (May–July and September–November) and ensure household drainage is kept clear."
60,New Ningo,1,23.38,1.0273,0.2553,0.6595,Moderate,"New Ningo has a 66% flood probability — Moderate Risk. The elevation here is 23.4m above sea level, providing some natural drainage advantage. Drainage density is relatively low (0.255 km/km²), so the drain network is not prone to rapid overflow. The terrain is nearly flat (1.0°), giving floodwater nowhere to flow. Residents should stay alert during peak rainy season (May–July and September–November) and ensure household drainage is kept clear."
61,AccraKasoa stretch,0,49.09,2.766,0.1308,0.6568,Moderate,"AccraKasoa stretch has a 66% flood probability — Moderate Risk. The elevation here is 49.1m above sea level, providing some natural drainage advantage. Drainage density is relatively low (0.131 km/km²), so the drain network is not prone to rapid overflow. The terrain is nearly flat (2.8°), giving floodwater nowhere to flow. Residents should stay alert during peak rainy season (May–July and September–November) and ensure household drainage is kept clear."
62,Polo Grounds,1,109.51,2.8617,0.0651,0.6552,Moderate,"Polo Grounds has a 66% flood probability — Moderate Risk. The elevation here is 109.5m above sea level, providing some natural drainage advantage. Drainage density is relatively low (0.065 km/km²), so the drain network is not prone to rapid overflow. The terrain is nearly flat (2.9°), giving floodwater nowhere to flow. Residents should stay alert during peak rainy season (May–July and September–November) and ensure household drainage is kept clear."
63,Abokobi Road area,1,26.9,3.1528,0.2362,0.6495,Moderate,"Abokobi Road area has a 65% flood probability — Moderate Risk. The elevation here is 26.9m above sea level, providing some natural drainage advantage. Drainage density is relatively low (0.236 km/km²), so the drain network is not prone to rapid overflow. The terrain is nearly flat (3.2°), giving floodwater nowhere to flow. Residents should stay alert during peak rainy season (May–July and September–November) and ensure household drainage is kept clear."
64,Michel Camp area,0,109.51,2.8617,0.0591,0.648,Moderate,"Michel Camp area has a 65% flood probability — Moderate Risk. The elevation here is 109.5m above sea level, providing some natural drainage advantage. Drainage density is relatively low (0.059 km/km²), so the drain network is not prone to rapid overflow. The terrain is nearly flat (2.9°), giving floodwater nowhere to flow. Residents should stay alert during peak rainy season (May–July and September–November) and ensure household drainage is kept clear."
65,Old Barrier,1,28.05,1.7727,0.2505,0.6399,Moderate,"Old Barrier has a 64% flood probability — Moderate Risk. The elevation here is 28.1m above sea level, providing some natural drainage advantage. Drainage density is relatively low (0.251 km/km²), so the drain network is not prone to rapid overflow. The terrain is nearly flat (1.8°), giving floodwater nowhere to flow. Residents should stay alert during peak rainy season (May–July and September–November) and ensure household drainage is kept clear."
66,Alajo,1,12.74,0.9304,0.3537,0.6323,Moderate,"Alajo has a 63% flood probability — Moderate Risk. Alajo sits very close to sea level (12.7m), meaning rainwater has nowhere to drain away. The drainage network is very dense (0.354 km/km²), which means drains can overflow rapidly in heavy rain. The terrain is nearly flat (0.9°), giving floodwater nowhere to flow. Residents should stay alert during peak rainy season (May–July and September–November) and ensure household drainage is kept clear."
67,Afuaman,1,43.54,3.004,0.1916,0.6265,Moderate,"Afuaman has a 63% flood probability — Moderate Risk. The elevation here is 43.5m above sea level, providing some natural drainage advantage. Drainage density is relatively low (0.192 km/km²), so the drain network is not prone to rapid overflow. The terrain is nearly flat (3.0°), giving floodwater nowhere to flow. Residents should stay alert during peak rainy season (May–July and September–November) and ensure household drainage is kept clear."
68,Jelil Estate Junction,0,12.74,0.9304,0.3553,0.6227,Moderate,"Jelil Estate Junction has a 62% flood probability — Moderate Risk. Jelil Estate Junction sits very close to sea level (12.7m), meaning rainwater has nowhere to drain away. The drainage network is very dense (0.355 km/km²), which means drains can overflow rapidly in heavy rain. The terrain is nearly flat (0.9°), giving floodwater nowhere to flow. Residents should stay alert during peak rainy season (May–July and September–November) and ensure household drainage is kept clear."
69,Amasaman (border),0,43.54,3.004,0.1868,0.6204,Moderate,"Amasaman (border) has a 62% flood probability — Moderate Risk. The elevation here is 43.5m above sea level, providing some natural drainage advantage. Drainage density is relatively low (0.187 km/km²), so the drain network is not prone to rapid overflow. The terrain is nearly flat (3.0°), giving floodwater nowhere to flow. Residents should stay alert during peak rainy season (May–July and September–November) and ensure household drainage is kept clear."
70,Baba Yara area,0,80.17,1.8906,0.1176,0.6199,Moderate,"Baba Yara area has a 62% flood probability — Moderate Risk. The elevation here is 80.2m above sea level, providing some natural drainage advantage. Drainage density is relatively low (0.118 km/km²), so the drain network is not prone to rapid overflow. The terrain is nearly flat (1.9°), giving floodwater nowhere to flow. Residents should stay alert during peak rainy season (May–July and September–November) and ensure household drainage is kept clear."
71,Ashaiman Underbridge,1,29.38,1.807,0.2422,0.6193,Moderate,"Ashaiman Underbridge has a 62% flood probability — Moderate Risk. The elevation here is 29.4m above sea level, providing some natural drainage advantage. Drainage density is relatively low (0.242 km/km²), so the drain network is not prone to rapid overflow. The terrain is nearly flat (1.8°), giving floodwater nowhere to flow. Residents should stay alert during peak rainy season (May–July and September–November) and ensure household drainage is kept clear."
72,La (Labadi),0,45.61,4.0904,0.1581,0.6186,Moderate,"La (Labadi) has a 62% flood probability — Moderate Risk. The elevation here is 45.6m above sea level, providing some natural drainage advantage. Drainage density is relatively low (0.158 km/km²), so the drain network is not prone to rapid overflow. The terrain is nearly flat (4.1°), giving floodwater nowhere to flow. Residents should stay alert during peak rainy season (May–July and September–November) and ensure household drainage is kept clear."
73,Kasseh,0,49.09,2.766,0.1427,0.6088,Moderate,"Kasseh has a 61% flood probability — Moderate Risk. The elevation here is 49.1m above sea level, providing some natural drainage advantage. Drainage density is relatively low (0.143 km/km²), so the drain network is not prone to rapid overflow. The terrain is nearly flat (2.8°), giving floodwater nowhere to flow. Residents should stay alert during peak rainy season (May–July and September–November) and ensure household drainage is kept clear."
74,Lebanon (shared),1,29.38,1.807,0.2414,0.6067,Moderate,"Lebanon (shared) has a 61% flood probability — Moderate Risk. The elevation here is 29.4m above sea level, providing some natural drainage advantage. Drainage density is relatively low (0.241 km/km²), so the drain network is not prone to rapid overflow. The terrain is nearly flat (1.8°), giving floodwater nowhere to flow. Residents should stay alert during peak rainy season (May–July and September–November) and ensure household drainage is kept clear."
75,Ablor Adjei,1,12.84,2.7925,0.3539,0.5965,Moderate,"Ablor Adjei has a 60% flood probability — Moderate Risk. Ablor Adjei sits very close to sea level (12.8m), meaning rainwater has nowhere to drain away. The drainage network is very dense (0.354 km/km²), which means drains can overflow rapidly in heavy rain. The terrain is nearly flat (2.8°), giving floodwater nowhere to flow. Residents should stay alert during peak rainy season (May–July and September–November) and ensure household drainage is kept clear."
76,Borteyman,1,49.68,0.8136,0.1318,0.5959,Moderate,"Borteyman has a 60% flood probability — Moderate Risk. The elevation here is 49.7m above sea level, providing some natural drainage advantage. Drainage density is relatively low (0.132 km/km²), so the drain network is not prone to rapid overflow. The terrain is nearly flat (0.8°), giving floodwater nowhere to flow. Residents should stay alert during peak rainy season (May–July and September–November) and ensure household drainage is kept clear."
77,Kasoa (SCC side),1,49.09,2.766,0.1623,0.5947,Moderate,"Kasoa (SCC side) has a 59% flood probability — Moderate Risk. The elevation here is 49.1m above sea level, providing some natural drainage advantage. Drainage density is relatively low (0.162 km/km²), so the drain network is not prone to rapid overflow. The terrain is nearly flat (2.8°), giving floodwater nowhere to flow. Residents should stay alert during peak rainy season (May–July and September–November) and ensure household drainage is kept clear."
78,Ashalaja,1,26.9,3.1528,0.2339,0.5944,Moderate,"Ashalaja has a 59% flood probability — Moderate Risk. The elevation here is 26.9m above sea level, providing some natural drainage advantage. Drainage density is relatively low (0.234 km/km²), so the drain network is not prone to rapid overflow. The terrain is nearly flat (3.2°), giving floodwater nowhere to flow. Residents should stay alert during peak rainy season (May–July and September–November) and ensure household drainage is kept clear."
79,Abossey Okai,1,12.74,0.9304,0.3323,0.5861,Moderate,"Abossey Okai has a 59% flood probability — Moderate Risk. Abossey Okai sits very close to sea level (12.7m), meaning rainwater has nowhere to drain away. The drainage network is very dense (0.332 km/km²), which means drains can overflow rapidly in heavy rain. The terrain is nearly flat (0.9°), giving floodwater nowhere to flow. Residents should stay alert during peak rainy season (May–July and September–November) and ensure household drainage is kept clear."
80,Graphic Road area,1,12.74,0.9304,0.3331,0.5861,Moderate,"Graphic Road area has a 59% flood probability — Moderate Risk. Graphic Road area sits very close to sea level (12.7m), meaning rainwater has nowhere to drain away. The drainage network is very dense (0.333 km/km²), which means drains can overflow rapidly in heavy rain. The terrain is nearly flat (0.9°), giving floodwater nowhere to flow. Residents should stay alert during peak rainy season (May–July and September–November) and ensure household drainage is kept clear."
81,Pokuase,0,26.9,3.1528,0.2345,0.5836,Moderate,"Pokuase has a 58% flood probability — Moderate Risk. The elevation here is 26.9m above sea level, providing some natural drainage advantage. Drainage density is relatively low (0.234 km/km²), so the drain network is not prone to rapid overflow. The terrain is nearly flat (3.2°), giving floodwater nowhere to flow. Residents should stay alert during peak rainy season (May–July and September–November) and ensure household drainage is kept clear."
82,awoshie,1,26.9,3.1528,0.2425,0.5821,Moderate,"awoshie has a 58% flood probability — Moderate Risk. The elevation here is 26.9m above sea level, providing some natural drainage advantage. Drainage density is relatively low (0.242 km/km²), so the drain network is not prone to rapid overflow. The terrain is nearly flat (3.2°), giving floodwater nowhere to flow. Residents should stay alert during peak rainy season (May–July and September–November) and ensure household drainage is kept clear."
83,Agbogbloshie,1,12.74,0.9304,0.3356,0.5759,Moderate,"Agbogbloshie has a 58% flood probability — Moderate Risk. Agbogbloshie sits very close to sea level (12.7m), meaning rainwater has nowhere to drain away. The drainage network is very dense (0.336 km/km²), which means drains can overflow rapidly in heavy rain. The terrain is nearly flat (0.9°), giving floodwater nowhere to flow. Residents should stay alert during peak rainy season (May–July and September–November) and ensure household drainage is kept clear."
84,Adenta,1,49.68,0.8136,0.1422,0.5754,Moderate,"Adenta has a 58% flood probability — Moderate Risk. The elevation here is 49.7m above sea level, providing some natural drainage advantage. Drainage density is relatively low (0.142 km/km²), so the drain network is not prone to rapid overflow. The terrain is nearly flat (0.8°), giving floodwater nowhere to flow. Residents should stay alert during peak rainy season (May–July and September–November) and ensure household drainage is kept clear."
85,Choice,0,12.84,2.7925,0.3631,0.5752,Moderate,"Choice has a 58% flood probability — Moderate Risk. Choice sits very close to sea level (12.8m), meaning rainwater has nowhere to drain away. The drainage network is very dense (0.363 km/km²), which means drains can overflow rapidly in heavy rain. The terrain is nearly flat (2.8°), giving floodwater nowhere to flow. Residents should stay alert during peak rainy season (May–July and September–November) and ensure household drainage is kept clear."
86,Sukura,0,24.57,1.522,0.2543,0.5671,Moderate,"Sukura has a 57% flood probability — Moderate Risk. The elevation here is 24.6m above sea level, providing some natural drainage advantage. Drainage density is relatively low (0.254 km/km²), so the drain network is not prone to rapid overflow. The terrain is nearly flat (1.5°), giving floodwater nowhere to flow. Residents should stay alert during peak rainy season (May–July and September–November) and ensure household drainage is kept clear."
87,Alajo (eastern sections),1,41.91,0.7403,0.1819,0.5634,Moderate,"Alajo (eastern sections) has a 56% flood probability — Moderate Risk. The elevation here is 41.9m above sea level, providing some natural drainage advantage. Drainage density is relatively low (0.182 km/km²), so the drain network is not prone to rapid overflow. The terrain is nearly flat (0.7°), giving floodwater nowhere to flow. Residents should stay alert during peak rainy season (May–July and September–November) and ensure household drainage is kept clear."
88,Lapaz,0,49.68,0.8136,0.1401,0.5604,Moderate,"Lapaz has a 56% flood probability — Moderate Risk. The elevation here is 49.7m above sea level, providing some natural drainage advantage. Drainage density is relatively low (0.140 km/km²), so the drain network is not prone to rapid overflow. The terrain is nearly flat (0.8°), giving floodwater nowhere to flow. Residents should stay alert during peak rainy season (May–July and September–November) and ensure household drainage is kept clear."
89,Boi,0,28.05,1.7727,0.2378,0.5603,Moderate,"Boi has a 56% flood probability — Moderate Risk. The elevation here is 28.1m above sea level, providing some natural drainage advantage. Drainage density is relatively low (0.238 km/km²), so the drain network is not prone to rapid overflow. The terrain is nearly flat (1.8°), giving floodwater nowhere to flow. Residents should stay alert during peak rainy season (May–July and September–November) and ensure household drainage is kept clear."
90,Burma Camp,1,32.18,2.058,0.1955,0.5601,Moderate,"Burma Camp has a 56% flood probability — Moderate Risk. The elevation here is 32.2m above sea level, providing some natural drainage advantage. Drainage density is relatively low (0.196 km/km²), so the drain network is not prone to rapid overflow. The terrain is nearly flat (2.1°), giving floodwater nowhere to flow. Residents should stay alert during peak rainy season (May–July and September–November) and ensure household drainage is kept clear."
91,Community 14,0,24.57,1.522,0.2609,0.5596,Moderate,"Community 14 has a 56% flood probability — Moderate Risk. The elevation here is 24.6m above sea level, providing some natural drainage advantage. Drainage density is relatively low (0.261 km/km²), so the drain network is not prone to rapid overflow. The terrain is nearly flat (1.5°), giving floodwater nowhere to flow. Residents should stay alert during peak rainy season (May–July and September–November) and ensure household drainage is kept clear."
92,Darkuman Junction,1,12.74,0.9304,0.3348,0.5589,Moderate,"Darkuman Junction has a 56% flood probability — Moderate Risk. Darkuman Junction sits very close to sea level (12.7m), meaning rainwater has nowhere to drain away. The drainage network is very dense (0.335 km/km²), which means drains can overflow rapidly in heavy rain. The terrain is nearly flat (0.9°), giving floodwater nowhere to flow. Residents should stay alert during peak rainy season (May–July and September–November) and ensure household drainage is kept clear."
93,Asylum Down,0,12.74,0.9304,0.3349,0.5589,Moderate,"Asylum Down has a 56% flood probability — Moderate Risk. Asylum Down sits very close to sea level (12.7m), meaning rainwater has nowhere to drain away. The drainage network is very dense (0.335 km/km²), which means drains can overflow rapidly in heavy rain. The terrain is nearly flat (0.9°), giving floodwater nowhere to flow. Residents should stay alert during peak rainy season (May–July and September–November) and ensure household drainage is kept clear."
94,AccraKasoa Road,0,49.09,2.766,0.1583,0.5573,Moderate,"AccraKasoa Road has a 56% flood probability — Moderate Risk. The elevation here is 49.1m above sea level, providing some natural drainage advantage. Drainage density is relatively low (0.158 km/km²), so the drain network is not prone to rapid overflow. The terrain is nearly flat (2.8°), giving floodwater nowhere to flow. Residents should stay alert during peak rainy season (May–July and September–November) and ensure household drainage is kept clear."
95,Lolonya,1,32.18,2.058,0.2001,0.556,Moderate,"Lolonya has a 56% flood probability — Moderate Risk. The elevation here is 32.2m above sea level, providing some natural drainage advantage. Drainage density is relatively low (0.200 km/km²), so the drain network is not prone to rapid overflow. The terrain is nearly flat (2.1°), giving floodwater nowhere to flow. Residents should stay alert during peak rainy season (May–July and September–November) and ensure household drainage is kept clear."
96,Baatsona,0,24.57,1.522,0.261,0.5544,Moderate,"Baatsona has a 55% flood probability — Moderate Risk. The elevation here is 24.6m above sea level, providing some natural drainage advantage. Drainage density is relatively low (0.261 km/km²), so the drain network is not prone to rapid overflow. The terrain is nearly flat (1.5°), giving floodwater nowhere to flow. Residents should stay alert during peak rainy season (May–July and September–November) and ensure household drainage is kept clear."
97,Madina,0,41.91,0.7403,0.1911,0.5537,Moderate,"Madina has a 55% flood probability — Moderate Risk. The elevation here is 41.9m above sea level, providing some natural drainage advantage. Drainage density is relatively low (0.191 km/km²), so the drain network is not prone to rapid overflow. The terrain is nearly flat (0.7°), giving floodwater nowhere to flow. Residents should stay alert during peak rainy season (May–July and September–November) and ensure household drainage is kept clear."
98,Doryumu,1,12.84,2.7925,0.3471,0.5506,Moderate,"Doryumu has a 55% flood probability — Moderate Risk. Doryumu sits very close to sea level (12.8m), meaning rainwater has nowhere to drain away. The drainage network is very dense (0.347 km/km²), which means drains can overflow rapidly in heavy rain. The terrain is nearly flat (2.8°), giving floodwater nowhere to flow. Residents should stay alert during peak rainy season (May–July and September–November) and ensure household drainage is kept clear."
99,Mataheko,1,43.54,3.004,0.2069,0.5431,Moderate,"Mataheko has a 54% flood probability — Moderate Risk. The elevation here is 43.5m above sea level, providing some natural drainage advantage. Drainage density is relatively low (0.207 km/km²), so the drain network is not prone to rapid overflow. The terrain is nearly flat (3.0°), giving floodwater nowhere to flow. Residents should stay alert during peak rainy season (May–July and September–November) and ensure household drainage is kept clear."
100,Kasoa Old Barrier,0,49.09,2.766,0.1658,0.5397,Moderate,"Kasoa Old Barrier has a 54% flood probability — Moderate Risk. The elevation here is 49.1m above sea level, providing some natural drainage advantage. Drainage density is relatively low (0.166 km/km²), so the drain network is not prone to rapid overflow. The terrain is nearly flat (2.8°), giving floodwater nowhere to flow. Residents should stay alert during peak rainy season (May–July and September–November) and ensure household drainage is kept clear."
101,Ayawaso,0,41.91,0.7403,0.2008,0.5285,Moderate,"Ayawaso has a 53% flood probability — Moderate Risk. The elevation here is 41.9m above sea level, providing some natural drainage advantage. Drainage density is relatively low (0.201 km/km²), so the drain network is not prone to rapid overflow. The terrain is nearly flat (0.7°), giving floodwater nowhere to flow. Residents should stay alert during peak rainy season (May–July and September–November) and ensure household drainage is kept clear."
102,Gbawe,1,23.38,1.0273,0.2464,0.5263,Moderate,"Gbawe has a 53% flood probability — Moderate Risk. The elevation here is 23.4m above sea level, providing some natural drainage advantage. Drainage density is relatively low (0.246 km/km²), so the drain network is not prone to rapid overflow. The terrain is nearly flat (1.0°), giving floodwater nowhere to flow. Residents should stay alert during peak rainy season (May–July and September–November) and ensure household drainage is kept clear."
103,Adjei Kojo,1,21.13,1.1746,0.251,0.5262,Moderate,"Adjei Kojo has a 53% flood probability — Moderate Risk. The elevation here is 21.1m above sea level, providing some natural drainage advantage. Drainage density is relatively low (0.251 km/km²), so the drain network is not prone to rapid overflow. The terrain is nearly flat (1.2°), giving floodwater nowhere to flow. Residents should stay alert during peak rainy season (May–July and September–November) and ensure household drainage is kept clear."
104,SSNIT Flats (Sakumono),0,24.57,1.522,0.2659,0.5262,Moderate,"SSNIT Flats (Sakumono) has a 53% flood probability — Moderate Risk. The elevation here is 24.6m above sea level, providing some natural drainage advantage. Drainage density is relatively low (0.266 km/km²), so the drain network is not prone to rapid overflow. The terrain is nearly flat (1.5°), giving floodwater nowhere to flow. Residents should stay alert during peak rainy season (May–July and September–November) and ensure household drainage is kept clear."
105,Kasoa,0,21.13,1.1746,0.2516,0.5206,Moderate,"Kasoa has a 52% flood probability — Moderate Risk. The elevation here is 21.1m above sea level, providing some natural drainage advantage. Drainage density is relatively low (0.252 km/km²), so the drain network is not prone to rapid overflow. The terrain is nearly flat (1.2°), giving floodwater nowhere to flow. Residents should stay alert during peak rainy season (May–July and September–November) and ensure household drainage is kept clear."
106,Parakuo,1,23.38,1.0273,0.2355,0.5184,Moderate,"Parakuo has a 52% flood probability — Moderate Risk. The elevation here is 23.4m above sea level, providing some natural drainage advantage. Drainage density is relatively low (0.235 km/km²), so the drain network is not prone to rapid overflow. The terrain is nearly flat (1.0°), giving floodwater nowhere to flow. Residents should stay alert during peak rainy season (May–July and September–November) and ensure household drainage is kept clear."
107,Amasaman,0,43.54,3.004,0.2043,0.5164,Moderate,"Amasaman has a 52% flood probability — Moderate Risk. The elevation here is 43.5m above sea level, providing some natural drainage advantage. Drainage density is relatively low (0.204 km/km²), so the drain network is not prone to rapid overflow. The terrain is nearly flat (3.0°), giving floodwater nowhere to flow. Residents should stay alert during peak rainy season (May–July and September–November) and ensure household drainage is kept clear."
108,GAEC Road area,1,26.9,3.1528,0.24,0.5145,Moderate,"GAEC Road area has a 51% flood probability — Moderate Risk. The elevation here is 26.9m above sea level, providing some natural drainage advantage. Drainage density is relatively low (0.240 km/km²), so the drain network is not prone to rapid overflow. The terrain is nearly flat (3.2°), giving floodwater nowhere to flow. Residents should stay alert during peak rainy season (May–July and September–November) and ensure household drainage is kept clear."
109,AccraNsawam stretch,0,43.54,3.004,0.2188,0.4849,Moderate,"AccraNsawam stretch has a 48% flood probability — Moderate Risk. The elevation here is 43.5m above sea level, providing some natural drainage advantage. Drainage density is relatively low (0.219 km/km²), so the drain network is not prone to rapid overflow. The terrain is nearly flat (3.0°), giving floodwater nowhere to flow. Residents should stay alert during peak rainy season (May–July and September–November) and ensure household drainage is kept clear."
110,Christian Village,0,23.38,1.0273,0.2412,0.4791,Moderate,"Christian Village has a 48% flood probability — Moderate Risk. The elevation here is 23.4m above sea level, providing some natural drainage advantage. Drainage density is relatively low (0.241 km/km²), so the drain network is not prone to rapid overflow. The terrain is nearly flat (1.0°), giving floodwater nowhere to flow. Residents should stay alert during peak rainy season (May–July and September–November) and ensure household drainage is kept clear."
111,Abelemkpe,1,26.9,3.1528,0.268,0.479,Moderate,"Abelemkpe has a 48% flood probability — Moderate Risk. The elevation here is 26.9m above sea level, providing some natural drainage advantage. Drainage density is relatively low (0.268 km/km²), so the drain network is not prone to rapid overflow. The terrain is nearly flat (3.2°), giving floodwater nowhere to flow. Residents should stay alert during peak rainy season (May–July and September–November) and ensure household drainage is kept clear."
112,Atomic Madina,1,80.17,1.8906,0.0814,0.4774,Moderate,"Atomic Madina has a 48% flood probability — Moderate Risk. The elevation here is 80.2m above sea level, providing some natural drainage advantage. Drainage density is relatively low (0.081 km/km²), so the drain network is not prone to rapid overflow. The terrain is nearly flat (1.9°), giving floodwater nowhere to flow. Residents should stay alert during peak rainy season (May–July and September–November) and ensure household drainage is kept clear."
113,New Achimota,0,29.38,1.807,0.2447,0.4758,Moderate,"New Achimota has a 48% flood probability — Moderate Risk. The elevation here is 29.4m above sea level, providing some natural drainage advantage. Drainage density is relatively low (0.245 km/km²), so the drain network is not prone to rapid overflow. The terrain is nearly flat (1.8°), giving floodwater nowhere to flow. Residents should stay alert during peak rainy season (May–July and September–November) and ensure household drainage is kept clear."
114,Fishing Harbour area,0,49.68,0.8136,0.1426,0.4723,Moderate,"Fishing Harbour area has a 47% flood probability — Moderate Risk. The elevation here is 49.7m above sea level, providing some natural drainage advantage. Drainage density is relatively low (0.143 km/km²), so the drain network is not prone to rapid overflow. The terrain is nearly flat (0.8°), giving floodwater nowhere to flow. Residents should stay alert during peak rainy season (May–July and September–November) and ensure household drainage is kept clear."
115,Odorkor,1,22.62,2.9795,0.2536,0.4616,Moderate,"Odorkor has a 46% flood probability — Moderate Risk. The elevation here is 22.6m above sea level, providing some natural drainage advantage. Drainage density is relatively low (0.254 km/km²), so the drain network is not prone to rapid overflow. The terrain is nearly flat (3.0°), giving floodwater nowhere to flow. Residents should stay alert during peak rainy season (May–July and September–November) and ensure household drainage is kept clear."
116,Ayi Mensa,0,80.17,1.8906,0.1019,0.4592,Moderate,"Ayi Mensa has a 46% flood probability — Moderate Risk. The elevation here is 80.2m above sea level, providing some natural drainage advantage. Drainage density is relatively low (0.102 km/km²), so the drain network is not prone to rapid overflow. The terrain is nearly flat (1.9°), giving floodwater nowhere to flow. Residents should stay alert during peak rainy season (May–July and September–November) and ensure household drainage is kept clear."
117,Kwashieman,1,80.17,1.8906,0.1008,0.4592,Moderate,"Kwashieman has a 46% flood probability — Moderate Risk. The elevation here is 80.2m above sea level, providing some natural drainage advantage. Drainage density is relatively low (0.101 km/km²), so the drain network is not prone to rapid overflow. The terrain is nearly flat (1.9°), giving floodwater nowhere to flow. Residents should stay alert during peak rainy season (May–July and September–November) and ensure household drainage is kept clear."
118,Roman Ridge,0,22.62,2.9795,0.2512,0.4394,Moderate,"Roman Ridge has a 44% flood probability — Moderate Risk. The elevation here is 22.6m above sea level, providing some natural drainage advantage. Drainage density is relatively low (0.251 km/km²), so the drain network is not prone to rapid overflow. The terrain is nearly flat (3.0°), giving floodwater nowhere to flow. Residents should stay alert during peak rainy season (May–July and September–November) and ensure household drainage is kept clear."
119,Agbogba,0,23.38,1.0273,0.2545,0.4259,Moderate,"Agbogba has a 43% flood probability — Moderate Risk. The elevation here is 23.4m above sea level, providing some natural drainage advantage. Drainage density is relatively low (0.255 km/km²), so the drain network is not prone to rapid overflow. The terrain is nearly flat (1.0°), giving floodwater nowhere to flow. Residents should stay alert during peak rainy season (May–July and September–November) and ensure household drainage is kept clear."
120,Kaneshie,1,26.9,3.1528,0.2621,0.4238,Moderate,"Kaneshie has a 42% flood probability — Moderate Risk. The elevation here is 26.9m above sea level, providing some natural drainage advantage. Drainage density is relatively low (0.262 km/km²), so the drain network is not prone to rapid overflow. The terrain is nearly flat (3.2°), giving floodwater nowhere to flow. Residents should stay alert during peak rainy season (May–July and September–November) and ensure household drainage is kept clear."
121,Akweteyman,0,26.9,3.1528,0.2506,0.4044,Moderate,"Akweteyman has a 40% flood probability — Moderate Risk. The elevation here is 26.9m above sea level, providing some natural drainage advantage. Drainage density is relatively low (0.251 km/km²), so the drain network is not prone to rapid overflow. The terrain is nearly flat (3.2°), giving floodwater nowhere to flow. Residents should stay alert during peak rainy season (May–July and September–November) and ensure household drainage is kept clear."
122,TemaAccra Beach Road,1,15.21,1.6169,0.3019,0.4015,Moderate,"TemaAccra Beach Road has a 40% flood probability — Moderate Risk. TemaAccra Beach Road sits very close to sea level (15.2m), meaning rainwater has nowhere to drain away. The drainage network is very dense (0.302 km/km²), which means drains can overflow rapidly in heavy rain. The terrain is nearly flat (1.6°), giving floodwater nowhere to flow. Residents should stay alert during peak rainy season (May–July and September–November) and ensure household drainage is kept clear."
123,Airport (Kotoka area),0,26.9,3.1528,0.2417,0.4004,Moderate,"Airport (Kotoka area) has a 40% flood probability — Moderate Risk. The elevation here is 26.9m above sea level, providing some natural drainage advantage. Drainage density is relatively low (0.242 km/km²), so the drain network is not prone to rapid overflow. The terrain is nearly flat (3.2°), giving floodwater nowhere to flow. Residents should stay alert during peak rainy season (May–July and September–November) and ensure household drainage is kept clear."
124,Maamobi,1,8.82,0.0,0.3821,0.3964,Moderate,"Maamobi has a 40% flood probability — Moderate Risk. Maamobi sits very close to sea level (8.8m), meaning rainwater has nowhere to drain away. The drainage network is very dense (0.382 km/km²), which means drains can overflow rapidly in heavy rain. The terrain is nearly flat (0.0°), giving floodwater nowhere to flow. Residents should stay alert during peak rainy season (May–July and September–November) and ensure household drainage is kept clear."
125,Labone,0,32.18,2.058,0.1945,0.3932,Moderate,"Labone has a 39% flood probability — Moderate Risk. The elevation here is 32.2m above sea level, providing some natural drainage advantage. Drainage density is relatively low (0.195 km/km²), so the drain network is not prone to rapid overflow. The terrain is nearly flat (2.1°), giving floodwater nowhere to flow. Residents should stay alert during peak rainy season (May–July and September–November) and ensure household drainage is kept clear."
126,Zenu (shared),0,29.38,1.807,0.2337,0.3919,Moderate,"Zenu (shared) has a 39% flood probability — Moderate Risk. The elevation here is 29.4m above sea level, providing some natural drainage advantage. Drainage density is relatively low (0.234 km/km²), so the drain network is not prone to rapid overflow. The terrain is nearly flat (1.8°), giving floodwater nowhere to flow. Residents should stay alert during peak rainy season (May–July and September–November) and ensure household drainage is kept clear."
127,Dansoman,1,80.17,1.8906,0.1055,0.39,Moderate,"Dansoman has a 39% flood probability — Moderate Risk. The elevation here is 80.2m above sea level, providing some natural drainage advantage. Drainage density is relatively low (0.105 km/km²), so the drain network is not prone to rapid overflow. The terrain is nearly flat (1.9°), giving floodwater nowhere to flow. Residents should stay alert during peak rainy season (May–July and September–November) and ensure household drainage is kept clear."
128,Tesano,1,15.21,1.6169,0.3077,0.3897,Moderate,"Tesano has a 39% flood probability — Moderate Risk. Tesano sits very close to sea level (15.2m), meaning rainwater has nowhere to drain away. The drainage network is very dense (0.308 km/km²), which means drains can overflow rapidly in heavy rain. The terrain is nearly flat (1.6°), giving floodwater nowhere to flow. Residents should stay alert during peak rainy season (May–July and September–November) and ensure household drainage is kept clear."
129,Accra New Town,0,26.9,3.1528,0.254,0.3892,Moderate,"Accra New Town has a 39% flood probability — Moderate Risk. The elevation here is 26.9m above sea level, providing some natural drainage advantage. Drainage density is relatively low (0.254 km/km²), so the drain network is not prone to rapid overflow. The terrain is nearly flat (3.2°), giving floodwater nowhere to flow. Residents should stay alert during peak rainy season (May–July and September–November) and ensure household drainage is kept clear."
130,Community 6,0,15.21,1.6169,0.3049,0.3869,Moderate,"Community 6 has a 39% flood probability — Moderate Risk. Community 6 sits very close to sea level (15.2m), meaning rainwater has nowhere to drain away. The drainage network is very dense (0.305 km/km²), which means drains can overflow rapidly in heavy rain. The terrain is nearly flat (1.6°), giving floodwater nowhere to flow. Residents should stay alert during peak rainy season (May–July and September–November) and ensure household drainage is kept clear."
131,Kanda,0,80.17,1.8906,0.1149,0.3866,Moderate,"Kanda has a 39% flood probability — Moderate Risk. The elevation here is 80.2m above sea level, providing some natural drainage advantage. Drainage density is relatively low (0.115 km/km²), so the drain network is not prone to rapid overflow. The terrain is nearly flat (1.9°), giving floodwater nowhere to flow. Residents should stay alert during peak rainy season (May–July and September–November) and ensure household drainage is kept clear."
132,Klagon,0,26.9,3.1528,0.2412,0.3861,Moderate,"Klagon has a 39% flood probability — Moderate Risk. The elevation here is 26.9m above sea level, providing some natural drainage advantage. Drainage density is relatively low (0.241 km/km²), so the drain network is not prone to rapid overflow. The terrain is nearly flat (3.2°), giving floodwater nowhere to flow. Residents should stay alert during peak rainy season (May–July and September–November) and ensure household drainage is kept clear."
133,Cantonments,0,32.18,2.058,0.1909,0.3809,Moderate,"Cantonments has a 38% flood probability — Moderate Risk. The elevation here is 32.2m above sea level, providing some natural drainage advantage. Drainage density is relatively low (0.191 km/km²), so the drain network is not prone to rapid overflow. The terrain is nearly flat (2.1°), giving floodwater nowhere to flow. Residents should stay alert during peak rainy season (May–July and September–November) and ensure household drainage is kept clear."
134,Katamanso,0,26.9,3.1528,0.2391,0.3796,Moderate,"Katamanso has a 38% flood probability — Moderate Risk. The elevation here is 26.9m above sea level, providing some natural drainage advantage. Drainage density is relatively low (0.239 km/km²), so the drain network is not prone to rapid overflow. The terrain is nearly flat (3.2°), giving floodwater nowhere to flow. Residents should stay alert during peak rainy season (May–July and September–November) and ensure household drainage is kept clear."
135,Abokobi,1,84.98,1.2746,0.0862,0.379,Moderate,"Abokobi has a 38% flood probability — Moderate Risk. The elevation here is 85.0m above sea level, providing some natural drainage advantage. Drainage density is relatively low (0.086 km/km²), so the drain network is not prone to rapid overflow. The terrain is nearly flat (1.3°), giving floodwater nowhere to flow. Residents should stay alert during peak rainy season (May–July and September–November) and ensure household drainage is kept clear."
136,Osu (parts),1,24.46,0.5151,0.237,0.3783,Moderate,"Osu (parts) has a 38% flood probability — Moderate Risk. The elevation here is 24.5m above sea level, providing some natural drainage advantage. Drainage density is relatively low (0.237 km/km²), so the drain network is not prone to rapid overflow. The terrain is nearly flat (0.5°), giving floodwater nowhere to flow. Residents should stay alert during peak rainy season (May–July and September–November) and ensure household drainage is kept clear."
137,Tema Motorway area,1,15.21,1.6169,0.2802,0.3774,Moderate,"Tema Motorway area has a 38% flood probability — Moderate Risk. Tema Motorway area sits very close to sea level (15.2m), meaning rainwater has nowhere to drain away. The drainage network is very dense (0.280 km/km²), which means drains can overflow rapidly in heavy rain. The terrain is nearly flat (1.6°), giving floodwater nowhere to flow. Residents should stay alert during peak rainy season (May–July and September–November) and ensure household drainage is kept clear."
138,Community 19,0,15.21,1.6169,0.2802,0.3774,Moderate,"Community 19 has a 38% flood probability — Moderate Risk. Community 19 sits very close to sea level (15.2m), meaning rainwater has nowhere to drain away. The drainage network is very dense (0.280 km/km²), which means drains can overflow rapidly in heavy rain. The terrain is nearly flat (1.6°), giving floodwater nowhere to flow. Residents should stay alert during peak rainy season (May–July and September–November) and ensure household drainage is kept clear."
139,Tema Beach Road area,0,84.98,1.2746,0.0841,0.3762,Moderate,"Tema Beach Road area has a 38% flood probability — Moderate Risk. The elevation here is 85.0m above sea level, providing some natural drainage advantage. Drainage density is relatively low (0.084 km/km²), so the drain network is not prone to rapid overflow. The terrain is nearly flat (1.3°), giving floodwater nowhere to flow. Residents should stay alert during peak rainy season (May–July and September–November) and ensure household drainage is kept clear."
140,Manhean,0,32.18,2.058,0.1897,0.3759,Moderate,"Manhean has a 38% flood probability — Moderate Risk. The elevation here is 32.2m above sea level, providing some natural drainage advantage. Drainage density is relatively low (0.190 km/km²), so the drain network is not prone to rapid overflow. The terrain is nearly flat (2.1°), giving floodwater nowhere to flow. Residents should stay alert during peak rainy season (May–July and September–November) and ensure household drainage is kept clear."
141,Lakeside (Adenta),0,49.68,0.8136,0.1685,0.3749,Moderate,"Lakeside (Adenta) has a 37% flood probability — Moderate Risk. The elevation here is 49.7m above sea level, providing some natural drainage advantage. Drainage density is relatively low (0.169 km/km²), so the drain network is not prone to rapid overflow. The terrain is nearly flat (0.8°), giving floodwater nowhere to flow. Residents should stay alert during peak rainy season (May–July and September–November) and ensure household drainage is kept clear."
142,Akrade (border),0,26.9,3.1528,0.238,0.3705,Moderate,"Akrade (border) has a 37% flood probability — Moderate Risk. The elevation here is 26.9m above sea level, providing some natural drainage advantage. Drainage density is relatively low (0.238 km/km²), so the drain network is not prone to rapid overflow. The terrain is nearly flat (3.2°), giving floodwater nowhere to flow. Residents should stay alert during peak rainy season (May–July and September–November) and ensure household drainage is kept clear."
143,Ga Mashie,0,49.68,0.8136,0.1663,0.3667,Moderate,"Ga Mashie has a 37% flood probability — Moderate Risk. The elevation here is 49.7m above sea level, providing some natural drainage advantage. Drainage density is relatively low (0.166 km/km²), so the drain network is not prone to rapid overflow. The terrain is nearly flat (0.8°), giving floodwater nowhere to flow. Residents should stay alert during peak rainy season (May–July and September–November) and ensure household drainage is kept clear."
144,LegonGIMPA Bypass,0,29.38,1.807,0.2315,0.3651,Moderate,"LegonGIMPA Bypass has a 37% flood probability — Moderate Risk. The elevation here is 29.4m above sea level, providing some natural drainage advantage. Drainage density is relatively low (0.232 km/km²), so the drain network is not prone to rapid overflow. The terrain is nearly flat (1.8°), giving floodwater nowhere to flow. Residents should stay alert during peak rainy season (May–July and September–November) and ensure household drainage is kept clear."
145,East Legon,0,32.18,2.058,0.1813,0.3641,Moderate,"East Legon has a 36% flood probability — Moderate Risk. The elevation here is 32.2m above sea level, providing some natural drainage advantage. Drainage density is relatively low (0.181 km/km²), so the drain network is not prone to rapid overflow. The terrain is nearly flat (2.1°), giving floodwater nowhere to flow. Residents should stay alert during peak rainy season (May–July and September–November) and ensure household drainage is kept clear."
146,Akorli Down,0,80.17,1.8906,0.1114,0.3616,Moderate,"Akorli Down has a 36% flood probability — Moderate Risk. The elevation here is 80.2m above sea level, providing some natural drainage advantage. Drainage density is relatively low (0.111 km/km²), so the drain network is not prone to rapid overflow. The terrain is nearly flat (1.9°), giving floodwater nowhere to flow. Residents should stay alert during peak rainy season (May–July and September–November) and ensure household drainage is kept clear."
147,Shai Hills border area,1,40.24,0.3455,0.209,0.3552,Moderate,"Shai Hills border area has a 36% flood probability — Moderate Risk. The elevation here is 40.2m above sea level, providing some natural drainage advantage. Drainage density is relatively low (0.209 km/km²), so the drain network is not prone to rapid overflow. The terrain is nearly flat (0.3°), giving floodwater nowhere to flow. Residents should stay alert during peak rainy season (May–July and September–November) and ensure household drainage is kept clear."
148,Pokuase (northern parts),0,28.05,1.7727,0.267,0.3544,Moderate,"Pokuase (northern parts) has a 35% flood probability — Moderate Risk. The elevation here is 28.1m above sea level, providing some natural drainage advantage. Drainage density is relatively low (0.267 km/km²), so the drain network is not prone to rapid overflow. The terrain is nearly flat (1.8°), giving floodwater nowhere to flow. Residents should stay alert during peak rainy season (May–July and September–November) and ensure household drainage is kept clear."
149,Ablekuma,1,28.05,1.7727,0.2593,0.3465,Moderate,"Ablekuma has a 35% flood probability — Moderate Risk. The elevation here is 28.1m above sea level, providing some natural drainage advantage. Drainage density is relatively low (0.259 km/km²), so the drain network is not prone to rapid overflow. The terrain is nearly flat (1.8°), giving floodwater nowhere to flow. Residents should stay alert during peak rainy season (May–July and September–November) and ensure household drainage is kept clear."
150,Shiashie (Ghana Standards Authority area),0,40.24,0.3455,0.2159,0.3349,Low,"Shiashie (Ghana Standards Authority area) has a 33% flood probability — Low Risk. The elevation here is 40.2m above sea level, providing some natural drainage advantage. Drainage density is relatively low (0.216 km/km²), so the drain network is not prone to rapid overflow. The terrain is nearly flat (0.3°), giving floodwater nowhere to flow. Flooding under normal rainfall is unlikely here. Basic drainage maintenance remains good practice."
151,Greda Estate,0,12.74,0.9304,0.3416,0.331,Low,"Greda Estate has a 33% flood probability — Low Risk. Greda Estate sits very close to sea level (12.7m), meaning rainwater has nowhere to drain away. The drainage network is very dense (0.342 km/km²), which means drains can overflow rapidly in heavy rain. The terrain is nearly flat (0.9°), giving floodwater nowhere to flow. Flooding under normal rainfall is unlikely here. Basic drainage maintenance remains good practice."
152,Tema New Town,1,15.21,1.6169,0.2864,0.3295,Low,"Tema New Town has a 33% flood probability — Low Risk. Tema New Town sits very close to sea level (15.2m), meaning rainwater has nowhere to drain away. The drainage network is very dense (0.286 km/km²), which means drains can overflow rapidly in heavy rain. The terrain is nearly flat (1.6°), giving floodwater nowhere to flow. Flooding under normal rainfall is unlikely here. Basic drainage maintenance remains good practice."
153,Chorkor,1,12.74,0.9304,0.3443,0.3258,Low,"Chorkor has a 33% flood probability — Low Risk. Chorkor sits very close to sea level (12.7m), meaning rainwater has nowhere to drain away. The drainage network is very dense (0.344 km/km²), which means drains can overflow rapidly in heavy rain. The terrain is nearly flat (0.9°), giving floodwater nowhere to flow. Flooding under normal rainfall is unlikely here. Basic drainage maintenance remains good practice."
154,Bukom,0,12.74,0.9304,0.343,0.3239,Low,"Bukom has a 32% flood probability — Low Risk. Bukom sits very close to sea level (12.7m), meaning rainwater has nowhere to drain away. The drainage network is very dense (0.343 km/km²), which means drains can overflow rapidly in heavy rain. The terrain is nearly flat (0.9°), giving floodwater nowhere to flow. Flooding under normal rainfall is unlikely here. Basic drainage maintenance remains good practice."
155,Prampram (border),0,24.46,0.5151,0.2627,0.3207,Low,"Prampram (border) has a 32% flood probability — Low Risk. The elevation here is 24.5m above sea level, providing some natural drainage advantage. Drainage density is relatively low (0.263 km/km²), so the drain network is not prone to rapid overflow. The terrain is nearly flat (0.5°), giving floodwater nowhere to flow. Flooding under normal rainfall is unlikely here. Basic drainage maintenance remains good practice."
156,Totope,0,12.84,2.7925,0.343,0.3093,Low,"Totope has a 31% flood probability — Low Risk. Totope sits very close to sea level (12.8m), meaning rainwater has nowhere to drain away. The drainage network is very dense (0.343 km/km²), which means drains can overflow rapidly in heavy rain. The terrain is nearly flat (2.8°), giving floodwater nowhere to flow. Flooding under normal rainfall is unlikely here. Basic drainage maintenance remains good practice."
157,Old Barrier (Weija-Gbawe),0,12.84,2.7925,0.3391,0.3062,Low,"Old Barrier (Weija-Gbawe) has a 31% flood probability — Low Risk. Old Barrier (Weija-Gbawe) sits very close to sea level (12.8m), meaning rainwater has nowhere to drain away. The drainage network is very dense (0.339 km/km²), which means drains can overflow rapidly in heavy rain. The terrain is nearly flat (2.8°), giving floodwater nowhere to flow. Flooding under normal rainfall is unlikely here. Basic drainage maintenance remains good practice."
158,Nima,0,24.46,0.5151,0.2553,0.3035,Low,"Nima has a 30% flood probability — Low Risk. The elevation here is 24.5m above sea level, providing some natural drainage advantage. Drainage density is relatively low (0.255 km/km²), so the drain network is not prone to rapid overflow. The terrain is nearly flat (0.5°), giving floodwater nowhere to flow. Flooding under normal rainfall is unlikely here. Basic drainage maintenance remains good practice."
159,Ussher Town,0,32.18,2.058,0.206,0.2926,Low,"Ussher Town has a 29% flood probability — Low Risk. The elevation here is 32.2m above sea level, providing some natural drainage advantage. Drainage density is relatively low (0.206 km/km²), so the drain network is not prone to rapid overflow. The terrain is nearly flat (2.1°), giving floodwater nowhere to flow. Flooding under normal rainfall is unlikely here. Basic drainage maintenance remains good practice."
160,Domeabra,0,23.38,1.0273,0.2509,0.2751,Low,"Domeabra has a 28% flood probability — Low Risk. The elevation here is 23.4m above sea level, providing some natural drainage advantage. Drainage density is relatively low (0.251 km/km²), so the drain network is not prone to rapid overflow. The terrain is nearly flat (1.0°), giving floodwater nowhere to flow. Flooding under normal rainfall is unlikely here. Basic drainage maintenance remains good practice."
161,Pantang,0,84.98,1.2746,0.1175,0.2719,Low,"Pantang has a 27% flood probability — Low Risk. The elevation here is 85.0m above sea level, providing some natural drainage advantage. Drainage density is relatively low (0.117 km/km²), so the drain network is not prone to rapid overflow. The terrain is nearly flat (1.3°), giving floodwater nowhere to flow. Flooding under normal rainfall is unlikely here. Basic drainage maintenance remains good practice."
162,Christian Village drain,0,23.38,1.0273,0.2517,0.2693,Low,"Christian Village drain has a 27% flood probability — Low Risk. The elevation here is 23.4m above sea level, providing some natural drainage advantage. Drainage density is relatively low (0.252 km/km²), so the drain network is not prone to rapid overflow. The terrain is nearly flat (1.0°), giving floodwater nowhere to flow. Flooding under normal rainfall is unlikely here. Basic drainage maintenance remains good practice."
163,Frafraha,0,15.21,1.6169,0.3003,0.2637,Low,"Frafraha has a 26% flood probability — Low Risk. Frafraha sits very close to sea level (15.2m), meaning rainwater has nowhere to drain away. The drainage network is very dense (0.300 km/km²), which means drains can overflow rapidly in heavy rain. The terrain is nearly flat (1.6°), giving floodwater nowhere to flow. Flooding under normal rainfall is unlikely here. Basic drainage maintenance remains good practice."
164,Community 18,0,15.21,1.6169,0.2879,0.2604,Low,"Community 18 has a 26% flood probability — Low Risk. Community 18 sits very close to sea level (15.2m), meaning rainwater has nowhere to drain away. The drainage network is very dense (0.288 km/km²), which means drains can overflow rapidly in heavy rain. The terrain is nearly flat (1.6°), giving floodwater nowhere to flow. Flooding under normal rainfall is unlikely here. Basic drainage maintenance remains good practice."
165,Community 1 (Harbour/Industrial),0,15.21,1.6169,0.2856,0.2598,Low,"Community 1 (Harbour/Industrial) has a 26% flood probability — Low Risk. Community 1 (Harbour/Industrial) sits very close to sea level (15.2m), meaning rainwater has nowhere to drain away. The drainage network is very dense (0.286 km/km²), which means drains can overflow rapidly in heavy rain. The terrain is nearly flat (1.6°), giving floodwater nowhere to flow. Flooding under normal rainfall is unlikely here. Basic drainage maintenance remains good practice."
166,Big Ada,0,8.82,0.0,0.3835,0.2589,Low,"Big Ada has a 26% flood probability — Low Risk. Big Ada sits very close to sea level (8.8m), meaning rainwater has nowhere to drain away. The drainage network is very dense (0.384 km/km²), which means drains can overflow rapidly in heavy rain. The terrain is nearly flat (0.0°), giving floodwater nowhere to flow. Flooding under normal rainfall is unlikely here. Basic drainage maintenance remains good practice."
167,Dome,0,40.24,0.3455,0.2025,0.2497,Low,"Dome has a 25% flood probability — Low Risk. The elevation here is 40.2m above sea level, providing some natural drainage advantage. Drainage density is relatively low (0.203 km/km²), so the drain network is not prone to rapid overflow. The terrain is nearly flat (0.3°), giving floodwater nowhere to flow. Flooding under normal rainfall is unlikely here. Basic drainage maintenance remains good practice."
168,Community 20,0,15.21,1.6169,0.3083,0.2419,Low,"Community 20 has a 24% flood probability — Low Risk. Community 20 sits very close to sea level (15.2m), meaning rainwater has nowhere to drain away. The drainage network is very dense (0.308 km/km²), which means drains can overflow rapidly in heavy rain. The terrain is nearly flat (1.6°), giving floodwater nowhere to flow. Flooding under normal rainfall is unlikely here. Basic drainage maintenance remains good practice."
169,Kwabenya (parts),0,84.98,1.2746,0.0929,0.2338,Low,"Kwabenya (parts) has a 23% flood probability — Low Risk. The elevation here is 85.0m above sea level, providing some natural drainage advantage. Drainage density is relatively low (0.093 km/km²), so the drain network is not prone to rapid overflow. The terrain is nearly flat (1.3°), giving floodwater nowhere to flow. Flooding under normal rainfall is unlikely here. Basic drainage maintenance remains good practice."
170,Shai Hills,0,18.33,1.7061,0.294,0.2327,Low,"Shai Hills has a 23% flood probability — Low Risk. Shai Hills sits very close to sea level (18.3m), meaning rainwater has nowhere to drain away. The drainage network is very dense (0.294 km/km²), which means drains can overflow rapidly in heavy rain. The terrain is nearly flat (1.7°), giving floodwater nowhere to flow. Flooding under normal rainfall is unlikely here. Basic drainage maintenance remains good practice."
171,South Ridge,0,32.18,2.058,0.2112,0.231,Low,"South Ridge has a 23% flood probability — Low Risk. The elevation here is 32.2m above sea level, providing some natural drainage advantage. Drainage density is relatively low (0.211 km/km²), so the drain network is not prone to rapid overflow. The terrain is nearly flat (2.1°), giving floodwater nowhere to flow. Flooding under normal rainfall is unlikely here. Basic drainage maintenance remains good practice."
172,Sowutuom,0,22.62,2.9795,0.2557,0.2252,Low,"Sowutuom has a 23% flood probability — Low Risk. The elevation here is 22.6m above sea level, providing some natural drainage advantage. Drainage density is relatively low (0.256 km/km²), so the drain network is not prone to rapid overflow. The terrain is nearly flat (3.0°), giving floodwater nowhere to flow. Flooding under normal rainfall is unlikely here. Basic drainage maintenance remains good practice."
173,Kasseh Junction,0,18.33,1.7061,0.2844,0.2189,Low,"Kasseh Junction has a 22% flood probability — Low Risk. Kasseh Junction sits very close to sea level (18.3m), meaning rainwater has nowhere to drain away. The drainage network is very dense (0.284 km/km²), which means drains can overflow rapidly in heavy rain. The terrain is nearly flat (1.7°), giving floodwater nowhere to flow. Flooding under normal rainfall is unlikely here. Basic drainage maintenance remains good practice."
174,Osudoku,0,22.62,2.9795,0.2576,0.2093,Low,"Osudoku has a 21% flood probability — Low Risk. The elevation here is 22.6m above sea level, providing some natural drainage advantage. Drainage density is relatively low (0.258 km/km²), so the drain network is not prone to rapid overflow. The terrain is nearly flat (3.0°), giving floodwater nowhere to flow. Flooding under normal rainfall is unlikely here. Basic drainage maintenance remains good practice."
175,North Ridge,0,32.18,2.058,0.2134,0.1978,Low,"North Ridge has a 20% flood probability — Low Risk. The elevation here is 32.2m above sea level, providing some natural drainage advantage. Drainage density is relatively low (0.213 km/km²), so the drain network is not prone to rapid overflow. The terrain is nearly flat (2.1°), giving floodwater nowhere to flow. Flooding under normal rainfall is unlikely here. Basic drainage maintenance remains good practice."
176,Community 8,0,15.21,1.6169,0.2825,0.1977,Low,"Community 8 has a 20% flood probability — Low Risk. Community 8 sits very close to sea level (15.2m), meaning rainwater has nowhere to drain away. The drainage network is very dense (0.282 km/km²), which means drains can overflow rapidly in heavy rain. The terrain is nearly flat (1.6°), giving floodwater nowhere to flow. Flooding under normal rainfall is unlikely here. Basic drainage maintenance remains good practice."
177,Kanewu / Kanele,0,22.62,2.9795,0.2657,0.1952,Low,"Kanewu / Kanele has a 20% flood probability — Low Risk. The elevation here is 22.6m above sea level, providing some natural drainage advantage. Drainage density is relatively low (0.266 km/km²), so the drain network is not prone to rapid overflow. The terrain is nearly flat (3.0°), giving floodwater nowhere to flow. Flooding under normal rainfall is unlikely here. Basic drainage maintenance remains good practice."
178,Asutuare (border),0,40.24,0.3455,0.1976,0.1949,Low,"Asutuare (border) has a 19% flood probability — Low Risk. The elevation here is 40.2m above sea level, providing some natural drainage advantage. Drainage density is relatively low (0.198 km/km²), so the drain network is not prone to rapid overflow. The terrain is nearly flat (0.3°), giving floodwater nowhere to flow. Flooding under normal rainfall is unlikely here. Basic drainage maintenance remains good practice."
179,Lakeside,0,32.18,2.058,0.2189,0.1864,Low,"Lakeside has a 19% flood probability — Low Risk. The elevation here is 32.2m above sea level, providing some natural drainage advantage. Drainage density is relatively low (0.219 km/km²), so the drain network is not prone to rapid overflow. The terrain is nearly flat (2.1°), giving floodwater nowhere to flow. Flooding under normal rainfall is unlikely here. Basic drainage maintenance remains good practice."
180,Community 9,0,15.21,1.6169,0.2924,0.1832,Low,"Community 9 has a 18% flood probability — Low Risk. Community 9 sits very close to sea level (15.2m), meaning rainwater has nowhere to drain away. The drainage network is very dense (0.292 km/km²), which means drains can overflow rapidly in heavy rain. The terrain is nearly flat (1.6°), giving floodwater nowhere to flow. Flooding under normal rainfall is unlikely here. Basic drainage maintenance remains good practice."
181,Community 7,0,15.21,1.6169,0.2932,0.1832,Low,"Community 7 has a 18% flood probability — Low Risk. Community 7 sits very close to sea level (15.2m), meaning rainwater has nowhere to drain away. The drainage network is very dense (0.293 km/km²), which means drains can overflow rapidly in heavy rain. The terrain is nearly flat (1.6°), giving floodwater nowhere to flow. Flooding under normal rainfall is unlikely here. Basic drainage maintenance remains good practice."
182,D.K. Poison (Alajo),0,15.21,1.6169,0.293,0.1832,Low,"D.K. Poison (Alajo) has a 18% flood probability — Low Risk. D.K. Poison (Alajo) sits very close to sea level (15.2m), meaning rainwater has nowhere to drain away. The drainage network is very dense (0.293 km/km²), which means drains can overflow rapidly in heavy rain. The terrain is nearly flat (1.6°), giving floodwater nowhere to flow. Flooding under normal rainfall is unlikely here. Basic drainage maintenance remains good practice."
183,Oyarifa,0,40.24,0.3455,0.1955,0.1826,Low,"Oyarifa has a 18% flood probability — Low Risk. The elevation here is 40.2m above sea level, providing some natural drainage advantage. Drainage density is relatively low (0.196 km/km²), so the drain network is not prone to rapid overflow. The terrain is nearly flat (0.3°), giving floodwater nowhere to flow. Flooding under normal rainfall is unlikely here. Basic drainage maintenance remains good practice."
184,Community 4,0,15.21,1.6169,0.2846,0.1806,Low,"Community 4 has a 18% flood probability — Low Risk. Community 4 sits very close to sea level (15.2m), meaning rainwater has nowhere to drain away. The drainage network is very dense (0.285 km/km²), which means drains can overflow rapidly in heavy rain. The terrain is nearly flat (1.6°), giving floodwater nowhere to flow. Flooding under normal rainfall is unlikely here. Basic drainage maintenance remains good practice."
185,Community 3,0,15.21,1.6169,0.2943,0.1805,Low,"Community 3 has a 18% flood probability — Low Risk. Community 3 sits very close to sea level (15.2m), meaning rainwater has nowhere to drain away. The drainage network is very dense (0.294 km/km²), which means drains can overflow rapidly in heavy rain. The terrain is nearly flat (1.6°), giving floodwater nowhere to flow. Flooding under normal rainfall is unlikely here. Basic drainage maintenance remains good practice."
186,Dzorwulu,0,40.24,0.3455,0.181,0.1771,Low,"Dzorwulu has a 18% flood probability — Low Risk. The elevation here is 40.2m above sea level, providing some natural drainage advantage. Drainage density is relatively low (0.181 km/km²), so the drain network is not prone to rapid overflow. The terrain is nearly flat (0.3°), giving floodwater nowhere to flow. Flooding under normal rainfall is unlikely here. Basic drainage maintenance remains good practice."
187,Ringway Estates,0,24.46,0.5151,0.2522,0.1762,Low,"Ringway Estates has a 18% flood probability — Low Risk. The elevation here is 24.5m above sea level, providing some natural drainage advantage. Drainage density is relatively low (0.252 km/km²), so the drain network is not prone to rapid overflow. The terrain is nearly flat (0.5°), giving floodwater nowhere to flow. Flooding under normal rainfall is unlikely here. Basic drainage maintenance remains good practice."
188,Community 25 (parts),0,15.21,1.6169,0.283,0.1711,Low,"Community 25 (parts) has a 17% flood probability — Low Risk. Community 25 (parts) sits very close to sea level (15.2m), meaning rainwater has nowhere to drain away. The drainage network is very dense (0.283 km/km²), which means drains can overflow rapidly in heavy rain. The terrain is nearly flat (1.6°), giving floodwater nowhere to flow. Flooding under normal rainfall is unlikely here. Basic drainage maintenance remains good practice."
189,Community 11,0,15.21,1.6169,0.283,0.1711,Low,"Community 11 has a 17% flood probability — Low Risk. Community 11 sits very close to sea level (15.2m), meaning rainwater has nowhere to drain away. The drainage network is very dense (0.283 km/km²), which means drains can overflow rapidly in heavy rain. The terrain is nearly flat (1.6°), giving floodwater nowhere to flow. Flooding under normal rainfall is unlikely here. Basic drainage maintenance remains good practice."
190,Glefe,1,31.4,1.0625,0.2102,0.1537,Low,"Glefe has a 15% flood probability — Low Risk. The elevation here is 31.4m above sea level, providing some natural drainage advantage. Drainage density is relatively low (0.210 km/km²), so the drain network is not prone to rapid overflow. The terrain is nearly flat (1.1°), giving floodwater nowhere to flow. Flooding under normal rainfall is unlikely here. Basic drainage maintenance remains good practice."
191,Dome crossing,0,84.98,1.2746,0.0998,0.1435,Low,"Dome crossing has a 14% flood probability — Low Risk. The elevation here is 85.0m above sea level, providing some natural drainage advantage. Drainage density is relatively low (0.100 km/km²), so the drain network is not prone to rapid overflow. The terrain is nearly flat (1.3°), giving floodwater nowhere to flow. Flooding under normal rainfall is unlikely here. Basic drainage maintenance remains good practice."
192,Community 22,0,29.38,1.807,0.2592,0.1365,Low,"Community 22 has a 14% flood probability — Low Risk. The elevation here is 29.4m above sea level, providing some natural drainage advantage. Drainage density is relatively low (0.259 km/km²), so the drain network is not prone to rapid overflow. The terrain is nearly flat (1.8°), giving floodwater nowhere to flow. Flooding under normal rainfall is unlikely here. Basic drainage maintenance remains good practice."
193,Ashaiman (main town),0,29.38,1.807,0.2623,0.134,Low,"Ashaiman (main town) has a 13% flood probability — Low Risk. The elevation here is 29.4m above sea level, providing some natural drainage advantage. Drainage density is relatively low (0.262 km/km²), so the drain network is not prone to rapid overflow. The terrain is nearly flat (1.8°), giving floodwater nowhere to flow. Flooding under normal rainfall is unlikely here. Basic drainage maintenance remains good practice."
194,Community 22 (shared border),0,29.38,1.807,0.2609,0.1332,Low,"Community 22 (shared border) has a 13% flood probability — Low Risk. The elevation here is 29.4m above sea level, providing some natural drainage advantage. Drainage density is relatively low (0.261 km/km²), so the drain network is not prone to rapid overflow. The terrain is nearly flat (1.8°), giving floodwater nowhere to flow. Flooding under normal rainfall is unlikely here. Basic drainage maintenance remains good practice."
195,Community 12,0,15.21,1.6169,0.3195,0.1241,Low,"Community 12 has a 12% flood probability — Low Risk. Community 12 sits very close to sea level (15.2m), meaning rainwater has nowhere to drain away. The drainage network is very dense (0.320 km/km²), which means drains can overflow rapidly in heavy rain. The terrain is nearly flat (1.6°), giving floodwater nowhere to flow. Flooding under normal rainfall is unlikely here. Basic drainage maintenance remains good practice."
196,Odawna,0,31.4,1.0625,0.1816,0.1229,Low,"Odawna has a 12% flood probability — Low Risk. The elevation here is 31.4m above sea level, providing some natural drainage advantage. Drainage density is relatively low (0.182 km/km²), so the drain network is not prone to rapid overflow. The terrain is nearly flat (1.1°), giving floodwater nowhere to flow. Flooding under normal rainfall is unlikely here. Basic drainage maintenance remains good practice."
197,Community 10,0,15.21,1.6169,0.3121,0.1158,Low,"Community 10 has a 12% flood probability — Low Risk. Community 10 sits very close to sea level (15.2m), meaning rainwater has nowhere to drain away. The drainage network is very dense (0.312 km/km²), which means drains can overflow rapidly in heavy rain. The terrain is nearly flat (1.6°), giving floodwater nowhere to flow. Flooding under normal rainfall is unlikely here. Basic drainage maintenance remains good practice."
198,Community 5,0,15.21,1.6169,0.3145,0.1128,Low,"Community 5 has a 11% flood probability — Low Risk. Community 5 sits very close to sea level (15.2m), meaning rainwater has nowhere to drain away. The drainage network is very dense (0.315 km/km²), which means drains can overflow rapidly in heavy rain. The terrain is nearly flat (1.6°), giving floodwater nowhere to flow. Flooding under normal rainfall is unlikely here. Basic drainage maintenance remains good practice."
199,Community 2,0,15.21,1.6169,0.3126,0.11,Low,"Community 2 has a 11% flood probability — Low Risk. Community 2 sits very close to sea level (15.2m), meaning rainwater has nowhere to drain away. The drainage network is very dense (0.313 km/km²), which means drains can overflow rapidly in heavy rain. The terrain is nearly flat (1.6°), giving floodwater nowhere to flow. Flooding under normal rainfall is unlikely here. Basic drainage maintenance remains good practice."
200,Weija (parts),0,31.4,1.0625,0.2063,0.1055,Low,"Weija (parts) has a 11% flood probability — Low Risk. The elevation here is 31.4m above sea level, providing some natural drainage advantage. Drainage density is relatively low (0.206 km/km²), so the drain network is not prone to rapid overflow. The terrain is nearly flat (1.1°), giving floodwater nowhere to flow. Flooding under normal rainfall is unlikely here. Basic drainage maintenance remains good practice."
201,Ada Foah,0,8.82,0.0,0.3873,0.1013,Low,"Ada Foah has a 10% flood probability — Low Risk. Ada Foah sits very close to sea level (8.8m), meaning rainwater has nowhere to drain away. The drainage network is very dense (0.387 km/km²), which means drains can overflow rapidly in heavy rain. The terrain is nearly flat (0.0°), giving floodwater nowhere to flow. Flooding under normal rainfall is unlikely here. Basic drainage maintenance remains good practice."
202,Old Ningo,0,31.4,1.0625,0.2058,0.0944,Low,"Old Ningo has a 9% flood probability — Low Risk. The elevation here is 31.4m above sea level, providing some natural drainage advantage. Drainage density is relatively low (0.206 km/km²), so the drain network is not prone to rapid overflow. The terrain is nearly flat (1.1°), giving floodwater nowhere to flow. Flooding under normal rainfall is unlikely here. Basic drainage maintenance remains good practice."
203,Bansa,0,84.98,1.2746,0.1158,0.0943,Low,"Bansa has a 9% flood probability — Low Risk. The elevation here is 85.0m above sea level, providing some natural drainage advantage. Drainage density is relatively low (0.116 km/km²), so the drain network is not prone to rapid overflow. The terrain is nearly flat (1.3°), giving floodwater nowhere to flow. Flooding under normal rainfall is unlikely here. Basic drainage maintenance remains good practice."
204,Zenu,0,31.4,1.0625,0.2027,0.0938,Low,"Zenu has a 9% flood probability — Low Risk. The elevation here is 31.4m above sea level, providing some natural drainage advantage. Drainage density is relatively low (0.203 km/km²), so the drain network is not prone to rapid overflow. The terrain is nearly flat (1.1°), giving floodwater nowhere to flow. Flooding under normal rainfall is unlikely here. Basic drainage maintenance remains good practice."
205,East Cantonments,0,57.28,3.173,0.0843,0.0865,Low,"East Cantonments has a 9% flood probability — Low Risk. The elevation here is 57.3m above sea level, providing some natural drainage advantage. Drainage density is relatively low (0.084 km/km²), so the drain network is not prone to rapid overflow. The terrain is nearly flat (3.2°), giving floodwater nowhere to flow. Flooding under normal rainfall is unlikely here. Basic drainage maintenance remains good practice."
206,Azizakpe Island,0,8.82,0.0,0.3874,0.0826,Low,"Azizakpe Island has a 8% flood probability — Low Risk. Azizakpe Island sits very close to sea level (8.8m), meaning rainwater has nowhere to drain away. The drainage network is very dense (0.387 km/km²), which means drains can overflow rapidly in heavy rain. The terrain is nearly flat (0.0°), giving floodwater nowhere to flow. Flooding under normal rainfall is unlikely here. Basic drainage maintenance remains good practice."
207,Tse Addo,0,8.82,0.0,0.4099,0.0759,Low,"Tse Addo has a 8% flood probability — Low Risk. Tse Addo sits very close to sea level (8.8m), meaning rainwater has nowhere to drain away. The drainage network is very dense (0.410 km/km²), which means drains can overflow rapidly in heavy rain. The terrain is nearly flat (0.0°), giving floodwater nowhere to flow. Flooding under normal rainfall is unlikely here. Basic drainage maintenance remains good practice."
208,Ada,0,8.82,0.0,0.3885,0.0759,Low,"Ada has a 8% flood probability — Low Risk. Ada sits very close to sea level (8.8m), meaning rainwater has nowhere to drain away. The drainage network is very dense (0.389 km/km²), which means drains can overflow rapidly in heavy rain. The terrain is nearly flat (0.0°), giving floodwater nowhere to flow. Flooding under normal rainfall is unlikely here. Basic drainage maintenance remains good practice."
209,South La,0,57.28,3.173,0.1155,0.0667,Low,"South La has a 7% flood probability — Low Risk. The elevation here is 57.3m above sea level, providing some natural drainage advantage. Drainage density is relatively low (0.116 km/km²), so the drain network is not prone to rapid overflow. The terrain is nearly flat (3.2°), giving floodwater nowhere to flow. Flooding under normal rainfall is unlikely here. Basic drainage maintenance remains good practice."
210,Airport Residential,0,57.28,3.173,0.0982,0.0635,Low,"Airport Residential has a 6% flood probability — Low Risk. The elevation here is 57.3m above sea level, providing some natural drainage advantage. Drainage density is relatively low (0.098 km/km²), so the drain network is not prone to rapid overflow. The terrain is nearly flat (3.2°), giving floodwater nowhere to flow. Flooding under normal rainfall is unlikely here. Basic drainage maintenance remains good practice."
211,Airport Hills,0,57.28,3.173,0.0947,0.0597,Low,"Airport Hills has a 6% flood probability — Low Risk. The elevation here is 57.3m above sea level, providing some natural drainage advantage. Drainage density is relatively low (0.095 km/km²), so the drain network is not prone to rapid overflow. The terrain is nearly flat (3.2°), giving floodwater nowhere to flow. Flooding under normal rainfall is unlikely here. Basic drainage maintenance remains good practice."
212,Lister area,0,57.28,3.173,0.1044,0.0521,Low,"Lister area has a 5% flood probability — Low Risk. The elevation here is 57.3m above sea level, providing some natural drainage advantage. Drainage density is relatively low (0.104 km/km²), so the drain network is not prone to rapid overflow. The terrain is nearly flat (3.2°), giving floodwater nowhere to flow. Flooding under normal rainfall is unlikely here. Basic drainage maintenance remains good practice."
213,Fiesta Royale area,1,57.28,3.173,0.1055,0.0521,Low,"Fiesta Royale area has a 5% flood probability — Low Risk. The elevation here is 57.3m above sea level, providing some natural drainage advantage. Drainage density is relatively low (0.105 km/km²), so the drain network is not prone to rapid overflow. The terrain is nearly flat (3.2°), giving floodwater nowhere to flow. Flooding under normal rainfall is unlikely here. Basic drainage maintenance remains good practice."
214,Ashongman,0,84.98,1.2746,0.1074,0.046,Low,"Ashongman has a 5% flood probability — Low Risk. The elevation here is 85.0m above sea level, providing some natural drainage advantage. Drainage density is relatively low (0.107 km/km²), so the drain network is not prone to rapid overflow. The terrain is nearly flat (1.3°), giving floodwater nowhere to flow. Flooding under normal rainfall is unlikely here. Basic drainage maintenance remains good practice."
215,Dome (eastern parts),0,84.98,1.2746,0.1108,0.0405,Low,"Dome (eastern parts) has a 4% flood probability — Low Risk. The elevation here is 85.0m above sea level, providing some natural drainage advantage. Drainage density is relatively low (0.111 km/km²), so the drain network is not prone to rapid overflow. The terrain is nearly flat (1.3°), giving floodwater nowhere to flow. Flooding under normal rainfall is unlikely here. Basic drainage maintenance remains good practice."
216,James Town,0,84.98,1.2746,0.1123,0.0405,Low,"James Town has a 4% flood probability — Low Risk. The elevation here is 85.0m above sea level, providing some natural drainage advantage. Drainage density is relatively low (0.112 km/km²), so the drain network is not prone to rapid overflow. The terrain is nearly flat (1.3°), giving floodwater nowhere to flow. Flooding under normal rainfall is unlikely here. Basic drainage maintenance remains good practice."
